{"pageProps":{"data":{"abilities":[{"ability":{"name":"shed-skin","url":"https://pokeapi.co/api/v2/ability/61/"},"is_hidden":false,"slot":1}],"base_experience":72,"forms":[{"name":"kakuna","url":"https://pokeapi.co/api/v2/pokemon-form/14/"}],"game_indices":[{"game_index":113,"version":{"name":"red","url":"https://pokeapi.co/api/v2/version/1/"}},{"game_index":113,"version":{"name":"blue","url":"https://pokeapi.co/api/v2/version/2/"}},{"game_index":113,"version":{"name":"yellow","url":"https://pokeapi.co/api/v2/version/3/"}},{"game_index":14,"version":{"name":"gold","url":"https://pokeapi.co/api/v2/version/4/"}},{"game_index":14,"version":{"name":"silver","url":"https://pokeapi.co/api/v2/version/5/"}},{"game_index":14,"version":{"name":"crystal","url":"https://pokeapi.co/api/v2/version/6/"}},{"game_index":14,"version":{"name":"ruby","url":"https://pokeapi.co/api/v2/version/7/"}},{"game_index":14,"version":{"name":"sapphire","url":"https://pokeapi.co/api/v2/version/8/"}},{"game_index":14,"version":{"name":"emerald","url":"https://pokeapi.co/api/v2/version/9/"}},{"game_index":14,"version":{"name":"firered","url":"https://pokeapi.co/api/v2/version/10/"}},{"game_index":14,"version":{"name":"leafgreen","url":"https://pokeapi.co/api/v2/version/11/"}},{"game_index":14,"version":{"name":"diamond","url":"https://pokeapi.co/api/v2/version/12/"}},{"game_index":14,"version":{"name":"pearl","url":"https://pokeapi.co/api/v2/version/13/"}},{"game_index":14,"version":{"name":"platinum","url":"https://pokeapi.co/api/v2/version/14/"}},{"game_index":14,"version":{"name":"heartgold","url":"https://pokeapi.co/api/v2/version/15/"}},{"game_index":14,"version":{"name":"soulsilver","url":"https://pokeapi.co/api/v2/version/16/"}},{"game_index":14,"version":{"name":"black","url":"https://pokeapi.co/api/v2/version/17/"}},{"game_index":14,"version":{"name":"white","url":"https://pokeapi.co/api/v2/version/18/"}},{"game_index":14,"version":{"name":"black-2","url":"https://pokeapi.co/api/v2/version/21/"}},{"game_index":14,"version":{"name":"white-2","url":"https://pokeapi.co/api/v2/version/22/"}}],"height":6,"held_items":[],"id":14,"is_default":true,"location_area_encounters":"https://pokeapi.co/api/v2/pokemon/14/encounters","moves":[{"move":{"name":"string-shot","url":"https://pokeapi.co/api/v2/move/81/"},"version_group_details":[{"level_learned_at":0,"move_learn_method":{"name":"tutor","url":"https://pokeapi.co/api/v2/move-learn-method/3/"},"version_group":{"name":"heartgold-soulsilver","url":"https://pokeapi.co/api/v2/version-group/10/"}}]},{"move":{"name":"harden","url":"https://pokeapi.co/api/v2/move/106/"},"version_group_details":[{"level_learned_at":1,"move_learn_method":{"name":"level-up","url":"https://pokeapi.co/api/v2/move-learn-method/1/"},"version_group":{"name":"red-blue","url":"https://pokeapi.co/api/v2/version-group/1/"}},{"level_learned_at":1,"move_learn_method":{"name":"level-up","url":"https://pokeapi.co/api/v2/move-learn-method/1/"},"version_group":{"name":"yellow","url":"https://pokeapi.co/api/v2/version-group/2/"}},{"level_learned_at":1,"move_learn_method":{"name":"level-up","url":"https://pokeapi.co/api/v2/move-learn-method/1/"},"version_group":{"name":"gold-silver","url":"https://pokeapi.co/api/v2/version-group/3/"}},{"level_learned_at":7,"move_learn_method":{"name":"level-up","url":"https://pokeapi.co/api/v2/move-learn-method/1/"},"version_group":{"name":"gold-silver","url":"https://pokeapi.co/api/v2/version-group/3/"}},{"level_learned_at":1,"move_learn_method":{"name":"level-up","url":"https://pokeapi.co/api/v2/move-learn-method/1/"},"version_group":{"name":"crystal","url":"https://pokeapi.co/api/v2/version-group/4/"}},{"level_learned_at":7,"move_learn_method":{"name":"level-up","url":"https://pokeapi.co/api/v2/move-learn-method/1/"},"version_group":{"name":"crystal","url":"https://pokeapi.co/api/v2/version-group/4/"}},{"level_learned_at":1,"move_learn_method":{"name":"level-up","url":"https://pokeapi.co/api/v2/move-learn-method/1/"},"version_group":{"name":"ruby-sapphire","url":"https://pokeapi.co/api/v2/version-group/5/"}},{"level_learned_at":7,"move_learn_method":{"name":"level-up","url":"https://pokeapi.co/api/v2/move-learn-method/1/"},"version_group":{"name":"ruby-sapphire","url":"https://pokeapi.co/api/v2/version-group/5/"}},{"level_learned_at":1,"move_learn_method":{"name":"level-up","url":"https://pokeapi.co/api/v2/move-learn-method/1/"},"version_group":{"name":"emerald","url":"https://pokeapi.co/api/v2/version-group/6/"}},{"level_learned_at":7,"move_learn_method":{"name":"level-up","url":"https://pokeapi.co/api/v2/move-learn-method/1/"},"version_group":{"name":"emerald","url":"https://pokeapi.co/api/v2/version-group/6/"}},{"level_learned_at":1,"move_learn_method":{"name":"level-up","url":"https://pokeapi.co/api/v2/move-learn-method/1/"},"version_group":{"name":"firered-leafgreen","url":"https://pokeapi.co/api/v2/version-group/7/"}},{"level_learned_at":7,"move_learn_method":{"name":"level-up","url":"https://pokeapi.co/api/v2/move-learn-method/1/"},"version_group":{"name":"firered-leafgreen","url":"https://pokeapi.co/api/v2/version-group/7/"}},{"level_learned_at":1,"move_learn_method":{"name":"level-up","url":"https://pokeapi.co/api/v2/move-learn-method/1/"},"version_group":{"name":"diamond-pearl","url":"https://pokeapi.co/api/v2/version-group/8/"}},{"level_learned_at":7,"move_learn_method":{"name":"level-up","url":"https://pokeapi.co/api/v2/move-learn-method/1/"},"version_group":{"name":"diamond-pearl","url":"https://pokeapi.co/api/v2/version-group/8/"}},{"level_learned_at":1,"move_learn_method":{"name":"level-up","url":"https://pokeapi.co/api/v2/move-learn-method/1/"},"version_group":{"name":"platinum","url":"https://pokeapi.co/api/v2/version-group/9/"}},{"level_learned_at":7,"move_learn_method":{"name":"level-up","url":"https://pokeapi.co/api/v2/move-learn-method/1/"},"version_group":{"name":"platinum","url":"https://pokeapi.co/api/v2/version-group/9/"}},{"level_learned_at":1,"move_learn_method":{"name":"level-up","url":"https://pokeapi.co/api/v2/move-learn-method/1/"},"version_group":{"name":"heartgold-soulsilver","url":"https://pokeapi.co/api/v2/version-group/10/"}},{"level_learned_at":7,"move_learn_method":{"name":"level-up","url":"https://pokeapi.co/api/v2/move-learn-method/1/"},"version_group":{"name":"heartgold-soulsilver","url":"https://pokeapi.co/api/v2/version-group/10/"}},{"level_learned_at":1,"move_learn_method":{"name":"level-up","url":"https://pokeapi.co/api/v2/move-learn-method/1/"},"version_group":{"name":"black-white","url":"https://pokeapi.co/api/v2/version-group/11/"}},{"level_learned_at":7,"move_learn_method":{"name":"level-up","url":"https://pokeapi.co/api/v2/move-learn-method/1/"},"version_group":{"name":"black-white","url":"https://pokeapi.co/api/v2/version-group/11/"}},{"level_learned_at":1,"move_learn_method":{"name":"level-up","url":"https://pokeapi.co/api/v2/move-learn-method/1/"},"version_group":{"name":"colosseum","url":"https://pokeapi.co/api/v2/version-group/12/"}},{"level_learned_at":7,"move_learn_method":{"name":"level-up","url":"https://pokeapi.co/api/v2/move-learn-method/1/"},"version_group":{"name":"colosseum","url":"https://pokeapi.co/api/v2/version-group/12/"}},{"level_learned_at":1,"move_learn_method":{"name":"level-up","url":"https://pokeapi.co/api/v2/move-learn-method/1/"},"version_group":{"name":"xd","url":"https://pokeapi.co/api/v2/version-group/13/"}},{"level_learned_at":7,"move_learn_method":{"name":"level-up","url":"https://pokeapi.co/api/v2/move-learn-method/1/"},"version_group":{"name":"xd","url":"https://pokeapi.co/api/v2/version-group/13/"}},{"level_learned_at":1,"move_learn_method":{"name":"level-up","url":"https://pokeapi.co/api/v2/move-learn-method/1/"},"version_group":{"name":"black-2-white-2","url":"https://pokeapi.co/api/v2/version-group/14/"}},{"level_learned_at":7,"move_learn_method":{"name":"level-up","url":"https://pokeapi.co/api/v2/move-learn-method/1/"},"version_group":{"name":"black-2-white-2","url":"https://pokeapi.co/api/v2/version-group/14/"}},{"level_learned_at":1,"move_learn_method":{"name":"level-up","url":"https://pokeapi.co/api/v2/move-learn-method/1/"},"version_group":{"name":"x-y","url":"https://pokeapi.co/api/v2/version-group/15/"}},{"level_learned_at":7,"move_learn_method":{"name":"level-up","url":"https://pokeapi.co/api/v2/move-learn-method/1/"},"version_group":{"name":"x-y","url":"https://pokeapi.co/api/v2/version-group/15/"}},{"level_learned_at":1,"move_learn_method":{"name":"level-up","url":"https://pokeapi.co/api/v2/move-learn-method/1/"},"version_group":{"name":"omega-ruby-alpha-sapphire","url":"https://pokeapi.co/api/v2/version-group/16/"}},{"level_learned_at":7,"move_learn_method":{"name":"level-up","url":"https://pokeapi.co/api/v2/move-learn-method/1/"},"version_group":{"name":"omega-ruby-alpha-sapphire","url":"https://pokeapi.co/api/v2/version-group/16/"}},{"level_learned_at":0,"move_learn_method":{"name":"level-up","url":"https://pokeapi.co/api/v2/move-learn-method/1/"},"version_group":{"name":"sun-moon","url":"https://pokeapi.co/api/v2/version-group/17/"}},{"level_learned_at":1,"move_learn_method":{"name":"level-up","url":"https://pokeapi.co/api/v2/move-learn-method/1/"},"version_group":{"name":"sun-moon","url":"https://pokeapi.co/api/v2/version-group/17/"}},{"level_learned_at":0,"move_learn_method":{"name":"level-up","url":"https://pokeapi.co/api/v2/move-learn-method/1/"},"version_group":{"name":"ultra-sun-ultra-moon","url":"https://pokeapi.co/api/v2/version-group/18/"}},{"level_learned_at":1,"move_learn_method":{"name":"level-up","url":"https://pokeapi.co/api/v2/move-learn-method/1/"},"version_group":{"name":"ultra-sun-ultra-moon","url":"https://pokeapi.co/api/v2/version-group/18/"}}]},{"move":{"name":"iron-defense","url":"https://pokeapi.co/api/v2/move/334/"},"version_group_details":[{"level_learned_at":0,"move_learn_method":{"name":"tutor","url":"https://pokeapi.co/api/v2/move-learn-method/3/"},"version_group":{"name":"platinum","url":"https://pokeapi.co/api/v2/version-group/9/"}},{"level_learned_at":0,"move_learn_method":{"name":"tutor","url":"https://pokeapi.co/api/v2/move-learn-method/3/"},"version_group":{"name":"heartgold-soulsilver","url":"https://pokeapi.co/api/v2/version-group/10/"}},{"level_learned_at":0,"move_learn_method":{"name":"tutor","url":"https://pokeapi.co/api/v2/move-learn-method/3/"},"version_group":{"name":"black-2-white-2","url":"https://pokeapi.co/api/v2/version-group/14/"}},{"level_learned_at":0,"move_learn_method":{"name":"tutor","url":"https://pokeapi.co/api/v2/move-learn-method/3/"},"version_group":{"name":"omega-ruby-alpha-sapphire","url":"https://pokeapi.co/api/v2/version-group/16/"}}]},{"move":{"name":"bug-bite","url":"https://pokeapi.co/api/v2/move/450/"},"version_group_details":[{"level_learned_at":0,"move_learn_method":{"name":"tutor","url":"https://pokeapi.co/api/v2/move-learn-method/3/"},"version_group":{"name":"heartgold-soulsilver","url":"https://pokeapi.co/api/v2/version-group/10/"}},{"level_learned_at":0,"move_learn_method":{"name":"tutor","url":"https://pokeapi.co/api/v2/move-learn-method/3/"},"version_group":{"name":"black-2-white-2","url":"https://pokeapi.co/api/v2/version-group/14/"}},{"level_learned_at":0,"move_learn_method":{"name":"tutor","url":"https://pokeapi.co/api/v2/move-learn-method/3/"},"version_group":{"name":"omega-ruby-alpha-sapphire","url":"https://pokeapi.co/api/v2/version-group/16/"}}]},{"move":{"name":"electroweb","url":"https://pokeapi.co/api/v2/move/527/"},"version_group_details":[{"level_learned_at":0,"move_learn_method":{"name":"tutor","url":"https://pokeapi.co/api/v2/move-learn-method/3/"},"version_group":{"name":"black-2-white-2","url":"https://pokeapi.co/api/v2/version-group/14/"}},{"level_learned_at":0,"move_learn_method":{"name":"tutor","url":"https://pokeapi.co/api/v2/move-learn-method/3/"},"version_group":{"name":"omega-ruby-alpha-sapphire","url":"https://pokeapi.co/api/v2/version-group/16/"}}]}],"name":"kakuna","order":18,"past_types":[],"species":{"name":"kakuna","url":"https://pokeapi.co/api/v2/pokemon-species/14/"},"sprites":{"back_default":"https://raw.githubusercontent.com/PokeAPI/sprites/master/sprites/pokemon/back/14.png","back_female":null,"back_shiny":"https://raw.githubusercontent.com/PokeAPI/sprites/master/sprites/pokemon/back/shiny/14.png","back_shiny_female":null,"front_default":"https://raw.githubusercontent.com/PokeAPI/sprites/master/sprites/pokemon/14.png","front_female":null,"front_shiny":"https://raw.githubusercontent.com/PokeAPI/sprites/master/sprites/pokemon/shiny/14.png","front_shiny_female":null,"other":{"dream_world":{"front_default":"https://raw.githubusercontent.com/PokeAPI/sprites/master/sprites/pokemon/other/dream-world/14.svg","front_female":null},"official-artwork":{"front_default":"https://raw.githubusercontent.com/PokeAPI/sprites/master/sprites/pokemon/other/official-artwork/14.png"}},"versions":{"generation-i":{"red-blue":{"back_default":"https://raw.githubusercontent.com/PokeAPI/sprites/master/sprites/pokemon/versions/generation-i/red-blue/back/14.png","back_gray":"https://raw.githubusercontent.com/PokeAPI/sprites/master/sprites/pokemon/versions/generation-i/red-blue/back/gray/14.png","front_default":"https://raw.githubusercontent.com/PokeAPI/sprites/master/sprites/pokemon/versions/generation-i/red-blue/14.png","front_gray":"https://raw.githubusercontent.com/PokeAPI/sprites/master/sprites/pokemon/versions/generation-i/red-blue/gray/14.png"},"yellow":{"back_default":"https://raw.githubusercontent.com/PokeAPI/sprites/master/sprites/pokemon/versions/generation-i/yellow/back/14.png","back_gray":"https://raw.githubusercontent.com/PokeAPI/sprites/master/sprites/pokemon/versions/generation-i/yellow/back/gray/14.png","front_default":"https://raw.githubusercontent.com/PokeAPI/sprites/master/sprites/pokemon/versions/generation-i/yellow/14.png","front_gray":"https://raw.githubusercontent.com/PokeAPI/sprites/master/sprites/pokemon/versions/generation-i/yellow/gray/14.png"}},"generation-ii":{"crystal":{"back_default":"https://raw.githubusercontent.com/PokeAPI/sprites/master/sprites/pokemon/versions/generation-ii/crystal/back/14.png","back_shiny":"https://raw.githubusercontent.com/PokeAPI/sprites/master/sprites/pokemon/versions/generation-ii/crystal/back/shiny/14.png","front_default":"https://raw.githubusercontent.com/PokeAPI/sprites/master/sprites/pokemon/versions/generation-ii/crystal/14.png","front_shiny":"https://raw.githubusercontent.com/PokeAPI/sprites/master/sprites/pokemon/versions/generation-ii/crystal/shiny/14.png"},"gold":{"back_default":"https://raw.githubusercontent.com/PokeAPI/sprites/master/sprites/pokemon/versions/generation-ii/gold/back/14.png","back_shiny":"https://raw.githubusercontent.com/PokeAPI/sprites/master/sprites/pokemon/versions/generation-ii/gold/back/shiny/14.png","front_default":"https://raw.githubusercontent.com/PokeAPI/sprites/master/sprites/pokemon/versions/generation-ii/gold/14.png","front_shiny":"https://raw.githubusercontent.com/PokeAPI/sprites/master/sprites/pokemon/versions/generation-ii/gold/shiny/14.png"},"silver":{"back_default":"https://raw.githubusercontent.com/PokeAPI/sprites/master/sprites/pokemon/versions/generation-ii/silver/back/14.png","back_shiny":"https://raw.githubusercontent.com/PokeAPI/sprites/master/sprites/pokemon/versions/generation-ii/silver/back/shiny/14.png","front_default":"https://raw.githubusercontent.com/PokeAPI/sprites/master/sprites/pokemon/versions/generation-ii/silver/14.png","front_shiny":"https://raw.githubusercontent.com/PokeAPI/sprites/master/sprites/pokemon/versions/generation-ii/silver/shiny/14.png"}},"generation-iii":{"emerald":{"front_default":"https://raw.githubusercontent.com/PokeAPI/sprites/master/sprites/pokemon/versions/generation-iii/emerald/14.png","front_shiny":"https://raw.githubusercontent.com/PokeAPI/sprites/master/sprites/pokemon/versions/generation-iii/emerald/shiny/14.png"},"firered-leafgreen":{"back_default":"https://raw.githubusercontent.com/PokeAPI/sprites/master/sprites/pokemon/versions/generation-iii/firered-leafgreen/back/14.png","back_shiny":"https://raw.githubusercontent.com/PokeAPI/sprites/master/sprites/pokemon/versions/generation-iii/firered-leafgreen/back/shiny/14.png","front_default":"https://raw.githubusercontent.com/PokeAPI/sprites/master/sprites/pokemon/versions/generation-iii/firered-leafgreen/14.png","front_shiny":"https://raw.githubusercontent.com/PokeAPI/sprites/master/sprites/pokemon/versions/generation-iii/firered-leafgreen/shiny/14.png"},"ruby-sapphire":{"back_default":"https://raw.githubusercontent.com/PokeAPI/sprites/master/sprites/pokemon/versions/generation-iii/ruby-sapphire/back/14.png","back_shiny":"https://raw.githubusercontent.com/PokeAPI/sprites/master/sprites/pokemon/versions/generation-iii/ruby-sapphire/back/shiny/14.png","front_default":"https://raw.githubusercontent.com/PokeAPI/sprites/master/sprites/pokemon/versions/generation-iii/ruby-sapphire/14.png","front_shiny":"https://raw.githubusercontent.com/PokeAPI/sprites/master/sprites/pokemon/versions/generation-iii/ruby-sapphire/shiny/14.png"}},"generation-iv":{"diamond-pearl":{"back_default":"https://raw.githubusercontent.com/PokeAPI/sprites/master/sprites/pokemon/versions/generation-iv/diamond-pearl/back/14.png","back_female":null,"back_shiny":"https://raw.githubusercontent.com/PokeAPI/sprites/master/sprites/pokemon/versions/generation-iv/diamond-pearl/back/shiny/14.png","back_shiny_female":null,"front_default":"https://raw.githubusercontent.com/PokeAPI/sprites/master/sprites/pokemon/versions/generation-iv/diamond-pearl/14.png","front_female":null,"front_shiny":"https://raw.githubusercontent.com/PokeAPI/sprites/master/sprites/pokemon/versions/generation-iv/diamond-pearl/shiny/14.png","front_shiny_female":null},"heartgold-soulsilver":{"back_default":"https://raw.githubusercontent.com/PokeAPI/sprites/master/sprites/pokemon/versions/generation-iv/heartgold-soulsilver/back/14.png","back_female":null,"back_shiny":"https://raw.githubusercontent.com/PokeAPI/sprites/master/sprites/pokemon/versions/generation-iv/heartgold-soulsilver/back/shiny/14.png","back_shiny_female":null,"front_default":"https://raw.githubusercontent.com/PokeAPI/sprites/master/sprites/pokemon/versions/generation-iv/heartgold-soulsilver/14.png","front_female":null,"front_shiny":"https://raw.githubusercontent.com/PokeAPI/sprites/master/sprites/pokemon/versions/generation-iv/heartgold-soulsilver/shiny/14.png","front_shiny_female":null},"platinum":{"back_default":"https://raw.githubusercontent.com/PokeAPI/sprites/master/sprites/pokemon/versions/generation-iv/platinum/back/14.png","back_female":null,"back_shiny":"https://raw.githubusercontent.com/PokeAPI/sprites/master/sprites/pokemon/versions/generation-iv/platinum/back/shiny/14.png","back_shiny_female":null,"front_default":"https://raw.githubusercontent.com/PokeAPI/sprites/master/sprites/pokemon/versions/generation-iv/platinum/14.png","front_female":null,"front_shiny":"https://raw.githubusercontent.com/PokeAPI/sprites/master/sprites/pokemon/versions/generation-iv/platinum/shiny/14.png","front_shiny_female":null}},"generation-v":{"black-white":{"animated":{"back_default":"https://raw.githubusercontent.com/PokeAPI/sprites/master/sprites/pokemon/versions/generation-v/black-white/animated/back/14.gif","back_female":null,"back_shiny":"https://raw.githubusercontent.com/PokeAPI/sprites/master/sprites/pokemon/versions/generation-v/black-white/animated/back/shiny/14.gif","back_shiny_female":null,"front_default":"https://raw.githubusercontent.com/PokeAPI/sprites/master/sprites/pokemon/versions/generation-v/black-white/animated/14.gif","front_female":null,"front_shiny":"https://raw.githubusercontent.com/PokeAPI/sprites/master/sprites/pokemon/versions/generation-v/black-white/animated/shiny/14.gif","front_shiny_female":null},"back_default":"https://raw.githubusercontent.com/PokeAPI/sprites/master/sprites/pokemon/versions/generation-v/black-white/back/14.png","back_female":null,"back_shiny":"https://raw.githubusercontent.com/PokeAPI/sprites/master/sprites/pokemon/versions/generation-v/black-white/back/shiny/14.png","back_shiny_female":null,"front_default":"https://raw.githubusercontent.com/PokeAPI/sprites/master/sprites/pokemon/versions/generation-v/black-white/14.png","front_female":null,"front_shiny":"https://raw.githubusercontent.com/PokeAPI/sprites/master/sprites/pokemon/versions/generation-v/black-white/shiny/14.png","front_shiny_female":null}},"generation-vi":{"omegaruby-alphasapphire":{"front_default":"https://raw.githubusercontent.com/PokeAPI/sprites/master/sprites/pokemon/versions/generation-vi/omegaruby-alphasapphire/14.png","front_female":null,"front_shiny":"https://raw.githubusercontent.com/PokeAPI/sprites/master/sprites/pokemon/versions/generation-vi/omegaruby-alphasapphire/shiny/14.png","front_shiny_female":null},"x-y":{"front_default":"https://raw.githubusercontent.com/PokeAPI/sprites/master/sprites/pokemon/versions/generation-vi/x-y/14.png","front_female":null,"front_shiny":"https://raw.githubusercontent.com/PokeAPI/sprites/master/sprites/pokemon/versions/generation-vi/x-y/shiny/14.png","front_shiny_female":null}},"generation-vii":{"icons":{"front_default":"https://raw.githubusercontent.com/PokeAPI/sprites/master/sprites/pokemon/versions/generation-vii/icons/14.png","front_female":null},"ultra-sun-ultra-moon":{"front_default":"https://raw.githubusercontent.com/PokeAPI/sprites/master/sprites/pokemon/versions/generation-vii/ultra-sun-ultra-moon/14.png","front_female":null,"front_shiny":"https://raw.githubusercontent.com/PokeAPI/sprites/master/sprites/pokemon/versions/generation-vii/ultra-sun-ultra-moon/shiny/14.png","front_shiny_female":null}},"generation-viii":{"icons":{"front_default":"https://raw.githubusercontent.com/PokeAPI/sprites/master/sprites/pokemon/versions/generation-viii/icons/14.png","front_female":null}}}},"stats":[{"base_stat":45,"effort":0,"stat":{"name":"hp","url":"https://pokeapi.co/api/v2/stat/1/"}},{"base_stat":25,"effort":0,"stat":{"name":"attack","url":"https://pokeapi.co/api/v2/stat/2/"}},{"base_stat":50,"effort":2,"stat":{"name":"defense","url":"https://pokeapi.co/api/v2/stat/3/"}},{"base_stat":25,"effort":0,"stat":{"name":"special-attack","url":"https://pokeapi.co/api/v2/stat/4/"}},{"base_stat":25,"effort":0,"stat":{"name":"special-defense","url":"https://pokeapi.co/api/v2/stat/5/"}},{"base_stat":35,"effort":0,"stat":{"name":"speed","url":"https://pokeapi.co/api/v2/stat/6/"}}],"types":[{"slot":1,"type":{"name":"bug","url":"https://pokeapi.co/api/v2/type/7/"}},{"slot":2,"type":{"name":"poison","url":"https://pokeapi.co/api/v2/type/4/"}}],"weight":100}},"__N_SSG":true}